[
  {
    "id": "matheuzinho",
    "gps": []
  },
  {
    "id": "120363025987415440@g.us",
    "limite": 4,
    "validado": false
  },
  {
    "id": "120363293096322274@g.us",
    "limite": 4,
    "validado": false
  },
  {
    "id": "120363301980999643@g.us",
    "limite": 4,
    "validado": false
  },
  {
    "id": "120363337987933646@g.us",
    "limite": 4,
    "validado": false
  },
  {
    "id": "120363362154207918@g.us",
    "limite": 4,
    "validado": false
  },
  {
    "id": "120363344893348457@g.us",
    "limite": 2,
    "validado": false
  }
]