[{"id":"559992241471@s.whatsapp.net","gpid":"120363351175254484@g.us","hrg":"09:11","drg":"26/11","nome":"ted","namebank":"PayPal","money":203691,"pixD":5,"pixL":100,"limiteC":14,"horaC":"09","diaC":"26","mC":"11","limiteTh":0,"hrT":"10","limiteTd":21,"diaT":"03","mT":"12","bcbet":true},{"id":"84588813574@s.whatsapp.net","gpid":"120363372071076003@g.us","hrg":"17:37","drg":"30/11","nome":"bot","namebank":"Bradesco","money":50,"pixD":5,"pixL":100,"limiteC":15,"horaC":"17","diaC":"30","mC":"11","limiteTh":3,"hrT":"17","limiteTd":24,"diaT":"30","mT":"11","bcbet":true},{"id":"556185200021@s.whatsapp.net","gpid":"120363372071076003@g.us","hrg":"18:53","drg":"02/12","nome":"bot","namebank":"PayPal","money":0,"pixD":5,"pixL":100,"limiteC":15,"horaC":"18","diaC":"02","mC":"12","limiteTh":3,"hrT":"18","limiteTd":24,"diaT":"02","mT":"12","bcbet":true},{"id":"553180440637@s.whatsapp.net","gpid":"120363372071076003@g.us","hrg":"10:07","drg":"03/12","nome":"Vitu","namebank":"Bradesco","money":267,"pixD":5,"pixL":100,"limiteC":15,"horaC":"10","diaC":"03","mC":"12","limiteTh":0,"hrT":"10","limiteTd":21,"diaT":"03","mT":"12","bcbet":true},{"id":"559991760355@s.whatsapp.net","gpid":"120363372071076003@g.us","hrg":"12:44","drg":"03/12","nome":"kkk","namebank":"Caixa","money":177,"pixD":5,"pixL":100,"limiteC":15,"horaC":"12","diaC":"03","mC":"12","limiteTh":3,"hrT":"12","limiteTd":24,"diaT":"03","mT":"12","bcbet":true}]