[{"groupId":"120363222539278966@g.us","comandos":[]},{"groupId":"120363336941496607@g.us","comandos":[]},{"groupId":"120363285701713539@g.us","comandos":[]},{"groupId":"120363025987415440@g.us","comandos":[]},{"groupId":"120363293096322274@g.us","comandos":[]},{"groupId":"120363301980999643@g.us","comandos":[]},{"groupId":"120363337987933646@g.us","comandos":[]},{"groupId":"120363362154207918@g.us","comandos":[]},{"groupId":"120363344893348457@g.us","comandos":[]},{"groupId":"120363351175254484@g.us","comandos":[]},{"groupId":"120363372071076003@g.us","comandos":[]}]