[{"id":"84588813574@s.whatsapp.net","nick":"Bot Fenrys⁩","level":1,"contador":0,"block":false},{"id":"559992241471@s.whatsapp.net","nick":"@Ted","level":2,"contador":129,"block":false},{"id":"559991760355@s.whatsapp.net","nick":"bot","level":1,"contador":0,"block":false},{"id":"555190091041@s.whatsapp.net","nick":"===☯︎𝕊ℍ𝔸ℝ𝕂𝕀⁹⁹⁹☯︎===","level":1,"contador":0,"block":false},{"id":"556992574099@s.whatsapp.net","nick":"Vnznnn","level":1,"contador":0,"block":false},{"id":"556999901714@s.whatsapp.net","nick":"Allan Gabriel","level":1,"contador":0,"block":false},{"id":"556291633511@s.whatsapp.net","nick":"Sagazzz7xxx","level":1,"contador":0,"block":false},{"id":"556185200021@s.whatsapp.net","nick":"Ana Carla🥰","level":1,"contador":0,"block":false},{"id":"5512996078012@s.whatsapp.net","nick":"!Silva.sx☠️","level":1,"contador":0,"block":false},{"id":"559870216968@s.whatsapp.net","nick":"𝐒𝐈𝐋𝐕𝐀😺","level":1,"contador":0,"block":false},{"id":"556292009625@s.whatsapp.net","nick":"Erick","level":1,"contador":0,"block":false},{"id":"553180440637@s.whatsapp.net","nick":"ı.am » `𝐕𝐢𝐭𝐮`","level":1,"contador":8,"block":false},{"id":"556781700625@s.whatsapp.net","nick":"LUFFYZIN botドカ","level":1,"contador":0,"block":false},{"id":"5516994496554@s.whatsapp.net","nick":"Alien","level":1,"contador":0,"block":false},{"id":"556596110459@s.whatsapp.net","nick":"- 𝗟𝘂𝗮𝗻 𝗔𝗗𝗠 ©","level":1,"contador":0,"block":false},{"id":"258840297641@s.whatsapp.net","nick":"Demon😮‍💨","level":1,"contador":0,"block":false},{"id":"5511983934801@s.whatsapp.net","nick":"Jef","level":1,"contador":0,"block":false},{"id":"555193694719@s.whatsapp.net","nick":"BOT-SHARK_OFC","level":1,"contador":0,"block":false},{"id":"5511980242668@s.whatsapp.net","nick":"ZX DIVULGAÇÃO","level":1,"contador":0,"block":false},{"id":"558189728863@s.whatsapp.net","nick":"ɃŁȺȻꝀ V4 MĐ","level":1,"contador":0,"block":false},{"id":"554498207127@s.whatsapp.net","nick":"Cafe Modz","level":1,"contador":0,"block":false},{"id":"5511969459987@s.whatsapp.net","nick":"𝕷𝖊𝖔𝖓𝖆𝖗𝖉𝖔 7","level":1,"contador":0,"block":false},{"id":"553497135414@s.whatsapp.net","nick":"Gustavo","level":1,"contador":0,"block":false},{"id":"559492816519@s.whatsapp.net","nick":"❦𝐆𝜜𝚩𝐑𝐈𝐄𝐋❦","level":1,"contador":0,"block":false},{"id":"556293698304@s.whatsapp.net","nick":"「𖤍」𝕾𝖆𝖌𝖆𝖟𝖟𝖟7𝖝𝖝𝖝「𖤍」","level":1,"contador":0,"block":false},{"id":"553186064274@s.whatsapp.net","nick":"〘 𝔇𝔦𝔳𝔦𝔫𝔦𝔱𝔜 _ 𝔅𝔬𝔱  〙","level":1,"contador":0,"block":false},{"id":"5528992777703@s.whatsapp.net","nick":"Mr.Ninja Dev's忍者","level":1,"contador":25,"block":false}]