[
  {
    "id": "120363362154207918@g.us",
    "jogador": "559992241471@s.whatsapp.net",
    "pos_mines": [
      "e1",
      "b2",
      "e4",
      "d2",
      "a5"
    ],
    "qnt_mines": 5,
    "selected_cord": [],
    "cord_to_win": [
      "a1",
      "a2",
      "a3",
      "a4",
      "b1",
      "b3",
      "b4",
      "b5",
      "c1",
      "c2",
      "c3",
      "c4",
      "c5",
      "d1",
      "d3",
      "d4",
      "d5",
      "e2",
      "e3",
      "e5"
    ],
    "attempts": 3,
    "tips_d": 0,
    "hits": 0,
    "minesp": {
      "a1": "🟦",
      "a2": "🟦",
      "a3": "🟦",
      "a4": "🟦",
      "a5": "🟦",
      "b1": "🟦",
      "b2": "🟦",
      "b3": "🟦",
      "b4": "🟦",
      "b5": "🟦",
      "c1": "🟦",
      "c2": "🟦",
      "c3": "🟦",
      "c4": "🟦",
      "c5": "🟦",
      "d1": "🟦",
      "d2": "🟦",
      "d3": "🟦",
      "d4": "🟦",
      "d5": "🟦",
      "e1": "🟦",
      "e2": "🟦",
      "e3": "🟦",
      "e4": "🟦",
      "e5": "🟦"
    }
  }
]